DOI,Title,Authors,Journal,Year,Abstract,LitmapsId,Cited By,References,PubMedId,Tags
10.2139/ssrn.3901278,Carbonwashing: A New Type of Carbon Data-Related ESG Greenwashing,"S. In, K. Schumacher",Social Science Research Network,2021,"Despite the increased attention and capital incentives around corporate sustainability, the development of sustainability reporting standards and monitoring systems has been progressing at a slow pace. As a result, companies have misaligned incentives to deliberately or selectively communicate information not matched with actual environmental impacts or make largely unsubstantiated promises around future ambitions. These incidents are broadly called “greenwashing,” but there is no clear consensus on its definition and taxonomy. We pay particular attention to the threat of greenwashing concerning carbon emission reductions by coining a new term, “carbonwashing.” Since carbon mitigation is the universal goal, the corporate carbon performance data supply chain is relatively more advanced than that of the entire sustainability data landscape. Nonetheless, the threat of carbonwashing persists, even far more severe than general greenwashing due to the financial values attached to corporate carbon performance. This paper contextualizes sustainable finance-related carbonwashing via an outline of the communication as well as the measurement, reporting, and verification (MRV) of carbon emission mitigation performance. Moreover, it proposes several actionable policy recommendations on how industry stakeholders and government regulators can reduce carbonwashing risks.",56306111,38,60,,
10.3390/su12145687,Automated Sustainability Assessment System for Small and Medium Enterprises Reporting,"E. Kassem, O. Trenz",(missing journal),2020,"Sustainability assessment is a mainstream business activity that demonstrates the link between the organization’s strategy for and commitment to a sustainable global economy, and the prevention of economic crises. Small- and medium-sized businesses/enterprises (SMBs/SMEs) have significant effects on the European economy. However, because of a lot of restriction factors, like business risk, the high expenses of data collection and management, and the lack of resources, sustainability reporting is considered a superfluous and burdensome activity for them. The aim of this research is to propose an automated, comprehensive and simplified system for the sustainability assessment of SMEs. This system is achieved by implementing three main phases. The first phase includes key performance indicators design, which starts with the identification of various key performance indicators for comprehensive sustainability assessment, and ends with proposing an optimal set of KPIs (Key Performance Indicators) that can encompass long-term issues and be applicable to SMEs in the EU. The second phase involves a new comprehensive method of sustainability assessment for all KPIs designed in the first phase. Therefore, a multi-criteria model, which involves four main pillars of sustainability assessment (economic, environmental, social and governance), is proposed. It gives different enterprises the ability to verify and compare their efficiency and sustainability with other companies within the same sector in an almost automated manner. In the final phase, a simple and an automated information system (WEBRIS), which provides a suitable environment for SME sustainability reporting, is developed. Finally, this system is verified in a case study of the Czech breweries sector.",56315368,33,57,,
10.2139/ssrn.4229146,ClimateBert: A Pretrained Language Model for Climate-Related Text,"Nicolas Webersinke, Mathias Kraus, J. Bingler, Markus Leippold",Social Science Research Network,2021,"Over the recent years, large pretrained language models (LM) have revolutionized the field of natural language processing (NLP). However, while pretraining on general language has been shown to work very well for common language, it has been observed that niche language poses problems. In particular, climate-related texts include specific language that common LMs can not represent accurately. We argue that this shortcoming of today's LMs limits the applicability of modern NLP to the broad field of text processing of climate-related texts. As a remedy, we propose CLIMATEBERT, a transformer-based language model that is further pretrained on over 2 million paragraphs of climate-related texts, crawled from various sources such as common news, research articles, and climate reporting of companies. We find that CLIMATEBERT leads to a 48% improvement on a masked language model objective which, in turn, leads to lowering error rates by 3.57% to 35.71% for various climate-related downstream tasks like text classification, sentiment analysis, and fact-checking.",88594505,184,36,,
10.1007/s10115-010-0370-4,On ontology-driven document clustering using core semantic features,"Samah Jamal Fodeh, Bill Punch, Pang-Ning Tan",Knowledge and Information Systems,2011,"Incorporating semantic knowledge from an ontology into document clustering is an important but challenging problem. While numerous methods have been developed, the value of using such an ontology is still not clear. We show in this paper that an ontology can be used to greatly reduce the number of features needed to do document clustering. Our hypothesis is that polysemous and synonymous nouns are both relatively prevalent and fundamentally important for document cluster formation. We show that nouns can be efficiently identified in documents and that this alone provides improved clustering. We next show the importance of the polysemous and synonymous nouns in clustering and develop a unique approach that allows us to measure the information gain in disambiguating these nouns in an unsupervised learning setting. In so doing, we can identify a core subset of semantic features that represent a text corpus. Empirical results show that by using core semantic features for clustering, one can reduce the number of features by 90% or more and still produce clusters that capture the main themes in a text corpus.",131360891,109,43,,
10.1111/jifm.12156,"Be good to be wise: Environmental, Social, and Governance awareness as a potential credit risk mitigation factor","Marina Brogi, Valentina Lagasio, Pasqualina Porretta",Journal of International Financial Management and Accounting,2022,"Integrating Environmental, Social, and Governance (ESG) factors into credit risk assessment is the new frontier for credit risk management as regulators and investors increasingly require banks to channel loans to “sustainable” borrowers and ultimately foster sustainable growth. Our findings show that higher ESG awareness is strongly associated with better creditworthiness (proxied by the Altman Z-score). We apply a two-step methodology to 3331 companies from various industries and geographies in the 2000–2016 period which reveals that high ESG awareness scores are strongly and very significantly associated with a reduction in firm credit risk. We check the robustness by using the Probability of Default as a dependent variable and an instrumental variable constructed with a factor analysis. Our results support the appropriateness of the introduction of ESG awareness parameters in the creditworthiness assessment of borrowers.",134910077,83,20,,
10.1108/aaaj-04-2012-00998,Sustainability reports as simulacra? A counter-account of A and A+ GRI reports,O. Boiral,(missing journal),2013,"Purpose - – The purpose of this paper is to examine the extent to which sustainability reporting can be viewed as a simulacrum used to camouflage real sustainable-development problems and project an idealized view of the firms' situations. Design/methodology/approach - – The method was based on the content analysis and counter accounting of 23 sustainability reports from firms in the energy and mining sectors which had received application levels of A or A+ from the Global Reporting Initiative (GRI). The information disclosed in some 2,700 pages of reports was structured around 92 GRI indicators and compared with 116 significant news events that clearly addressed the responsibility of these firms in sustainable development problems. Moreover, the 1,258 pictures included in sustainability reports were categorized into recurring themes from an inductive perspective. Findings - – A total of 90 per cent of the significant negative events were not reported, contrary to the principles of balance, completeness and transparency of GRI reports. Moreover, the pictures included in these reports showcase various simulacra clearly disconnected with the impact of business activities. Originality/value - – The paper shows the relevance of the counter accounting approach in assessing the quality of sustainability reports and question the reliability of the GRI's A or A+ application levels. It contributes to debates concerning the transparency of sustainability reports in light of Debord's and Baudrillard's critical perspective. The paper reveals the underexplored role of images in the emergence of several types of simulacra.",169261273,647,73,,
10.1007/s40593-020-00211-5,Automated Essay Scoring and the Deep Learning Black Box: How Are Rubric Scores Determined?,"Vivekanandan Kumar, David Boulanger",International Journal of Artificial Intelligence in Education,2021,"This article investigates the feasibility of using automated scoring methods to evaluate the quality of student-written essays. In 2012, Kaggle hosted an Automated Student Assessment Prize contest to find effective solutions to automated testing and grading. This article: a) analyzes the datasets from the contest – which contained hand-graded essays – to measure their suitability for developing competent automated grading tools; b) evaluates the potential for deep learning in automated essay scoring (AES) to produce sophisticated testing and grading algorithms; c) advocates for thorough and transparent performance reports on AES research, which will facilitate fairer comparisons among various AES systems and permit study replication; d) uses both deep neural networks and state-of-the-art NLP tools to predict finer-grained rubric scores, to illustrate how rubric scores are determined from a linguistic perspective, and to uncover important features of an effective rubric scoring model. This study’s findings first highlight the level of agreement that exists between two human raters for each rubric as captured in the investigated essay dataset, that is, 0.60 on average as measured by the quadratic weighted kappa (QWK). Only one related study has been found in the literature which also performed rubric score predictions through models trained on the same dataset. At best, the predictive models had an average agreement level (QWK) of 0.53 with the human raters, below the level of agreement among human raters. In contrast, this research’s findings report an average agreement level per rubric with the two human raters’ resolved scores of 0.72 (QWK), well beyond the agreement level between the two human raters. Further, the AES system proposed in this article predicts holistic essay scores through its predicted rubric scores and produces a QWK of 0.78, a competitive performance according to recent literature where cutting-edge AES tools generate agreement levels between 0.77 and 0.81, results computed as per the same procedure as in this article. This study’s AES system goes one step further toward interpretability and the provision of high-level explanations to justify the predicted holistic and rubric scores. It contends that predicting rubric scores is essential to automated essay scoring, because it reveals the reasoning behind AIED-based AES systems. Will building AIED accountability improve the trustworthiness of the formative feedback generated by AES? Will AIED-empowered AES systems thoroughly mimic, or even outperform, a competent human rater? Will such machine-grading systems be subjected to verification by human raters, thus paving the way for a human-in-the-loop assessment mechanism? Will trust in new generations of AES systems be improved with the addition of models that explain the inner workings of a deep learning black box? This study seeks to expand these horizons of AES to make the technique practical, explainable, and trustable.",207741506,82,46,,
10.1007/s42495-022-00084-7,Effects of firm-level ESG performance on creditworthiness in Japanese listed companies,"Hiroaki Kambe, Masatoshi Tamamura",(missing journal),2022,"Against a backdrop of international public policies on sustainability such as SDGs, sustainable investment assets in the world stood at $30.7 trillion in 2018. In conjunction with the developing market of sustainable investment, academic research has proved that ESG performances positively affect financial performances in many cases. However, most of the previous studies have not analysed linkages between ESG performances and debt financing, nor have they targeted Asian markets. Thus, the purpose of this study is to analyse the effects of ESG performances on creditworthiness in Japanese companies. This empirical analysis used the ordered logit model where the dependent variable is S&P Credit Ratings, and the independent variables are ESG evaluations by Arabesque S-Ray. We used data for CY2019, and our final sample included 15 independent variables for 63 observations: 945 items were under the analysis. In result, we found that ESG total performance and governance performance positively affect a company’s creditworthiness, whilst there were no significant results concerning social and environmental performance. Therefore, business companies should consider improving governance performance for better credit ratings and financial institutions should consider governance performance in credit analysis. We also found that the effects of ESG total performance may change depending on whether ESG evaluations are based on financially material ESG issues, and that the effects of ESG total performance and pillar performances (environment, social, and governance, respectively) may differ. ESG evaluation agencies are recommended to disclose pillar performance evaluations with details of methodology for investors to consider ESG evaluations in investment decisions.",233301715,3,26,,
10.18653/v1/2022.findings-acl.285,Incorporating Dynamic Semantics into Pre-Trained Language Model for Aspect-based Sentiment Analysis,"Kai Zhang, Kunpeng Zhang, Mengdi Zhang, Hongke Zhao, Qi Liu, Wei Yu Wu, Enhong Chen",Findings,2022,"Aspect-based sentiment analysis (ABSA) predicts sentiment polarity towards a specific aspect in the given sentence. While pre-trained language models such as BERT have achieved great success, incorporating dynamic semantic changes into ABSA remains challenging. To this end, in this paper, we propose to address this problem by Dynamic Re-weighting BERT (DR-BERT), a novel method designed to learn dynamic aspect-oriented semantics for ABSA. Specifically, we first take the Stack-BERT layers as a primary encoder to grasp the overall semantic of the sentence and then fine-tune it by incorporating a lightweight Dynamic Re-weighting Adapter (DRA). Note that the DRA can pay close attention to a small region of the sentences at each step and re-weigh the vitally important words for better aspect-aware sentiment understanding. Finally, experimental results on three benchmark datasets demonstrate the effectiveness and the rationality of our proposed model and provide good interpretable insights for future semantic modeling.",245348532,64,64,,
10.3390/su15010309,"Technologies Empowered Environmental, Social, and Governance (ESG): An Industry 4.0 Landscape","Archana B. Saxena, Rajesh Singh, Anita Gehlot, S. Akram, Bhekisipho Twala, Aman Singh, Elisabeth Caro Montero, Neeraj Priyadarshi",Sustainability,2022,"Currently, sustainability is a vital aspect for every nation and organization to accomplish Sustainable Development Goals (SDGs) by 2030. Environmental, social, and governance (ESG) metrics are used to evaluate the sustainability level of an organization. According to the statistics, 53% of respondents in the BlackRock survey are concerned about the availability of low ESG data, which is critical for determining the organization’s sustainability level. This obstacle can be overcome by implementing Industry 4.0 technologies, which enable real-time data, data authentication, prediction, transparency, authentication, and structured data. Based on the review of previous studies, it was determined that only a few studies discussed the implementation of Industry 4.0 technologies for ESG data and evaluation. The objective of the study is to discuss the significance of ESG data and report, which is used for the evaluation of the sustainability of an organization. In this regard, the assimilation of Industry 4.0 technologies (Internet of Things (IoT), artificial intelligence (AI), blockchain, and big data for obtaining ESG data by an organization is detailed presented to study the progress of advancement of these technologies for ESG. On the basis of analysis, this study concludes that consumers are concerned about the ESG data, as most organizations develop inaccurate ESG data and suggest that these digital technologies have a crucial role in framing an accurate ESG report. After analysis a few vital conclusions are drawn such as ESG investment has benefited from AI capabilities, which previously relied on self-disclosed, annualized company information that was susceptible to inherent data issues and biases. Finally, the article discusses the vital recommendations that can be implemented for future work.",250761530,129,73,,
10.1111/1911-3846.12832,"FinBERT
 : A Large Language Model for Extracting Information from Financial Text†","Allen Huang, Hui Wang, Yi Yang",Contemporary Accounting Research,2022,(missing abstract),251818677,430,0,,
10.1108/sasbe-05-2022-0089,Simplified rating tool to evaluate sustainable practices of small-scale infrastructure projects in Australia – a comparative review,"M. Sandanayake, Z. Vrcelj, Yanni Bouras, H. Chau, Patrick Hastings",Smart and Sustainable Built Environment,2023,"PurposeThe present study aims to inform the requirements for developing a sustainable rating tool for small-scale infrastructure projects (SSIPs) through research findings.Design/methodology/approachA review-based comparative study of existing infrastructure sustainability (IS) rating tools for assessment of SSIPs is presented. Key stakeholder participants of the existing IS rating tools, are interviewed to identify existing barriers and requirements for sustainability rating. The study further presents possible rating tool options to optimise the sustainable performance evaluation of SSIPs.FindingsFindings of this study indicated that prevalent IS rating tools are majorly applied to large-scale infrastructure projects and sustainability of SSIPs are seldom assessed. Based on a literature review and series of interviews, it was found that user friendliness, efficient structure, training and technical support, cost effectiveness and stakeholder recognition are the five key requirements of a sustainability rating tool for SSIPs. Additionally, six sustainability assessment options were proposed for SSIPs which range from pathways for existing tools through to new, customisable tools. Upon comparison, a new modified tool with verification process and revised tool with defined grouping of sustainable criteria was more effective for evaluation of SSIPs.Research limitations/implicationsUse of case specific information for validation and framework development may lack generalisation. However, methodology can be used for future decision-making by making necessary adjustments to suit different local regional requirements.Originality/valueDespite lack of generalisation, the findings can lead to future general studies on sustainability of SSIPs. Findings of the study provide foundation knowledge and awareness for sustainability evaluation of SSIPs.",253407311,7,40,,
10.1111/joms.12920,Floodlight or Spotlight? Public Attention and the Selective Disclosure of Environmental Information,"Shawn Pope, Jonathan Peillex, Imane El Ouadghiri, Mathieu Gomes",Journal of Management Studies,2023,"To meet growing demands for information on their environmental impacts, firms may engage in selective disclosure by strategically reporting only a subset of relevant data. In this article, we draw out and problematize an antecedent to selective disclosure, public attention. Prior studies suggest that public attention brings scrutiny that reduces selective disclosure by increasing the risk of getting caught (the floodlight thesis). The impression management literature, however, suggests that public attention offers the possibility of broad-based image benefits from the disclosure of strategically filtered data (the spotlight thesis). Panel regressions with Trucost data from 2008–19 provide overall support for the spotlight thesis as well as a negative moderator, environmental damage. Results also point to an underlying mechanism: Companies receiving public attention disclose a larger number of environmental metrics, but not ones that, altogether, represent more environmental damage, a tactic that we call strategic fluffing.",257615314,53,80,,
10.54941/ahfe1004075,"An organizational and operational capability and maturity assessment for
 SMEs in emerging markets towards the ESG criteria adaptation","Haseena Alkatheeri, Evangelos Markopoulos, Hamdan Hamdan Al-qayed",International Conference on Human Interaction and Emerging Technologies,2023,"SMEs are considered the backbone of every economy forming nearly 95% of
 the private sector globally. As they are mostly family businesses, start-ups
 or specialized enterprises, they operate mainly locally or regionally with a
 direct impact to the society, the, employment and the national economy. On
 the other hand, due to their limited size and operations they cannot afford
 the cost and effort needed for long term planning and strategy development
 that can secure the value, volume, reputation and recognition needed to
 attract investments. The ESG criteria can be considered as a privilege
 system primarily for the large-scale organizations and the Multinational
 Enterprises whose financial and human resources can be easier allocated on
 ESG activities that return serious financial and reputational benefits.
 Research indicates that more than 90% of the investors invest only in
 companies with high social and sustainable profiles. The message from
 investors and consumers is that if companies cant show any sign of changing
 their business models, they wont be able to sell. The same applies at
 country level. Finland for example does not offer any business opportunities
 to any company that does not have a solid and proven sustainability strategy
 and track record. This trend, for clients and investors, to consider only
 Green (sustainable) or Pink (Social) products and companies for their
 purchases and investments, drives all types of organizations towards that
 adaptation of the ESG criteria. However, and since such a strategy requires
 investments, resources, funds and time that only Multinational organizations
 can provide, SMEs are left out from any opportunity to develop, grow, and
 compete. This paper highlights this ESG discrimination among the SMEs and
 MNEs and intends to bridge this gap by identifying, in a smaller scale,
 activities that reflect the ESG criteria and can be implemented by the SMEs
 at organizational and operational level. Such an approach provides SMEs the
 opportunity to record, report and receive credit, visibility and recognition
 for their sustainable, social and ethical governance efforts and actions,
 that can potentially enlarge their customer base and attract the investments
 needed to further develop themselves. The proposed approach is based on an
 assessment that creates an SME ESG roadmap framework for the SMEs to
 initially identify their ESG awareness and maturity before adopting any ESG
 related strategy and commitment. The assessment highlights the SMEs
 capability and maturity to adopt such a mid-range strategy and align their
 operations with the ESG criteria on a smaller scale. The results of the
 assessment formulate an achievable ESG related strategy for each SME,
 identify the key ESG activities to be implemented, indicate their order of
 execution, and predict a performance score upon the completion of the
 proposed strategy. This score can be utilized by SMES to receive social,
 reputational and financial recognition for their contribution to the local
 and regional society and economy. To secure the relevance of the SMEs ESG
 oriented activities with the actual ESG requirements, the proposed approach
 has been developed after studying several ESG reporting and scoring
 methodologies such as the Refinitiv, FTSE Russel, BHI, and others, and
 extractive the most relevant ESG requirements and metrics that can be
 implemented and measured with the abilities of an SME.Due to the significant
 variations of the SMEs operations, the proposed framework is targeted
 primarily to SMEs in emerging markets where the economic development and a
 structured business environments can help such a novel approach in SMEs
 strategic management and leadership.",263861443,5,0,,
10.1007/s10479-023-05514-z,ESG ratings explainability through machine learning techniques,"Alessandro Del Vitto, Daniele Marazzina, Davide Stocco",Annals of Operations Research,2023,"Environmental, Social, and Governance (ESG) scores are quantitative assessments of companies’ commitment to sustainability that have become extremely popular tools in the financial industry. However, transparency in the ESG assessment process is still far from being achieved. In fact there is no full disclosure on how the ratings are computed. As a matter of fact, rating agencies determine ESG ratings (as a function of the E, S and G scores) through proprietary models which public knowledge is limited to what the data provider effectively chooses to disclose, that, in many cases, is restricted only to the main ideas and essential principles of the procedure. The goal of this work is to exploit machine learning techniques to shed light on the ESG ratings issuance process. In particular, we focus on the Refinitiv data provider, widely used both from practitioners and from academics, and we consider white-box and black-box mathematical models to reconstruct the E, S, and G ratings’ assessment model. The results show that it is possible to replicate the underlying assessment process with a satisfying level of accuracy, shedding light on the proprietary models employed by the data provider. However, there is evidence of persisting unlearnable noise that even more complex models cannot eliminate. Finally, we consider some interpretability instruments to identify the most important factors explaining the ESG ratings.",263891742,63,25,,
10.1108/mrr-07-2023-0526,Decoding mood of the Twitterverse on ESG investing: opinion mining and key themes using machine learning,"Rachana Jaiswal, Shashank Gupta, A. Tiwari",Management Research Review,2024,"Purpose
Grounded in the stakeholder theory and signaling theory, this study aims to broaden the research agenda on environmental, social and governance (ESG) investing by uncovering public sentiments and key themes using Twitter data spanning from 2009 to 2022.

Design/methodology/approach
Using various machine learning models for text tonality analysis and topic modeling, this research scrutinizes 1,842,985 Twitter texts to extract prevalent ESG investing trends and gauge their sentiment.

Findings
Gibbs Sampling Dirichlet Multinomial Mixture emerges as the optimal topic modeling method, unveiling significant topics such as “Physical risk of climate change,” “Employee Health, Safety and well-being” and “Water management and Scarcity.” RoBERTa, an attention-based model, outperforms other machine learning models in sentiment analysis, revealing a predominantly positive shift in public sentiment toward ESG investing over the past five years.

Research limitations/implications
This study establishes a framework for sentiment analysis and topic modeling on alternative data, offering a foundation for future research. Prospective studies can enhance insights by incorporating data from additional social media platforms like LinkedIn and Facebook.

Practical implications
Leveraging unstructured data on ESG from platforms like Twitter provides a novel avenue to capture company-related information, supplementing traditional self-reported sustainability disclosures. This approach opens new possibilities for understanding a company’s ESG standing.

Social implications
By shedding light on public perceptions of ESG investing, this research uncovers influential factors that often elude traditional corporate reporting. The findings empower both investors and the general public, aiding managers in refining ESG and management strategies.

Originality/value
This study marks a groundbreaking contribution to scholarly exploration, to the best of the authors’ knowledge, by being the first to analyze unstructured Twitter data in the context of ESG investing, offering unique insights and advancing the understanding of this emerging field.
",270757517,34,146,,
10.1007/s10462-024-10854-8,Explainable artificial intelligence (XAI) in finance: a systematic literature review,"Jurgita Černevičienė, Audrius Kabašinskas",Artificial Intelligence Review,2024,"Abstract As the range of decisions made by Artificial Intelligence (AI) expands, the need for Explainable AI (XAI) becomes increasingly critical. The reasoning behind the specific outcomes of complex and opaque financial models requires a thorough justification to improve risk assessment, minimise the loss of trust, and promote a more resilient and trustworthy financial ecosystem. This Systematic Literature Review (SLR) identifies 138 relevant articles from 2005 to 2022 and highlights empirical examples demonstrating XAI's potential benefits in the financial industry. We classified the articles according to the financial tasks addressed by AI using XAI, the variation in XAI methods between applications and tasks, and the development and application of new XAI methods. The most popular financial tasks addressed by the AI using XAI were credit management, stock price predictions, and fraud detection. The three most commonly employed AI black-box techniques in finance whose explainability was evaluated were Artificial Neural Networks (ANN), Extreme Gradient Boosting (XGBoost), and Random Forest. Most of the examined publications utilise feature importance, Shapley additive explanations (SHAP), and rule-based methods. In addition, they employ explainability frameworks that integrate multiple XAI techniques. We also concisely define the existing challenges, requirements, and unresolved issues in applying XAI in the financial sector.",275233959,118,210,,
10.1108/sampj-01-2024-0045,"Environmental, social and governance (ESG) performance and abnormal positive tone","Yang Xin, Jingwei Bao, Kezhen Zhang","Sustainability Accounting, Management and Policy Journal",2024,"
Purpose
The purpose of this study is to explore the relationship between environmental, social and governance (ESG) performance and tone management in the annual report. This is based on the notion that managers, driven by personal interests, may use their ESG accomplishments by using an abnormal positive tone to enhance their reputation or career prospects.


Design/methodology/approach
Using panel data from Chinese listed companies from 2010 to 2022, this study first investigates the relationship between ESG performance and abnormal tone management. The study then uncovers this relationship is mediated through the mechanisms of equity-based incentive and analyst coverage. The conclusions of this paper hold even after a series of robustness tests, such as propensity score matching, Heckman two-stage method and two-stage least squares with instrumental variables.


Findings
This study finds a positive correlation between ESG performance and the presence of abnormal positive tone in annual reports. Furthermore, the mechanistic analysis reveals that managers in companies with strong ESG performance are motivated to use an overly positive tone, largely due to their vested interests in equity-based compensation. Moreover, in an effort to alleviate the pressure stemming from heightened financial analyst coverage and enhance the impression conveyed through analysts' reports, managers with superior ESG performance also tend to inflate the tone within their annual reports.


Practical implications
This study provides significant insights into the ongoing dialogue surrounding ESG-related equity incentives, which incentivize managerial manipulation of stock prices through the use of abnormal positive tone. The findings call upon investors to exercise greater vigilance in examining narrative information in annual reports, as abnormally positive tones may not always faithfully represent performance but rather reflect managerial self-interest.


Social implications
There is an emphasis on the importance of robust oversight mechanisms within corporate governance bodies to curb the manipulation of tone for managers’ personal gain.


Originality/value
This study enhances the theoretical foundation of ESG studies, offering a holistic perspective on the intricate interplay among ESG performance, managerial behavior and financial markets, with potential implications for researchers, investors and regulators.
",279123070,12,173,,
10.1007/s42495-022-00084-7,Publisher Correction: Effects of firm-level ESG performance on creditworthiness in Japanese listed companies,"Hiroaki Kambe, Masatoshi Tamamura",International Journal of Economic Policy Studies,2022,(missing abstract),280116292,3,21,,
10.3390/electronics13091719,"Ontology-Driven Architecture for Managing Environmental, Social, and Governance Metrics","Mingqin Yu, F. Rabhi, M. Bandara",Electronics,2024,"The burgeoning significance of environmental, social, and governance (ESG) metrics in realms such as investment decision making, corporate reporting, and risk management underscores the imperative for a robust, comprehensive solution capable of effectively capturing, representing, and analysing the multifaceted and intricate ESG data landscape. Facing the challenge of aligning with diverse standards and utilising complex datasets, organisations require robust systems for the integration of ESG metrics with traditional financial reporting. Amidst this, the evolving regulatory landscape and the demand for transparency and stakeholder engagement present significant challenges, given the lack of standardized ESG metrics in certain areas. Recently, the use of ontology-driven architectures has gained attention for their ability to encapsulate domain knowledge and facilitate integration with decision-support systems. This paper proposes a knowledge graph in the ESG metric domain to assist corporations in cataloguing and navigating ESG reporting requirements, standards, and associated data. Employing a design science methodology, we developed an ontology that serves as both a conceptual foundation and a semantic layer, fostering the creation of an interoperable ESG Metrics Knowledge Graph (ESGMKG) and its integration within operational layers. This ontology-driven approach promises seamless integration with diverse ESG data sources and reporting frameworks, while addressing the critical challenges of metric selection, alignment, and data verification, supporting the dynamic nature of ESG metrics. The utility and effectiveness of the proposed ontology were demonstrated through a case study centred on the International Financial Reporting Standards (IFRS) framework that is widely used within the banking industry.",280947950,10,19,,
10.1002/bsd2.70038,Unveiling the blackbox within <scp>ESG</scp> ratings' blackbox: Toward a framework for analyzing AI adoption and its impacts,"Felipe Suárez Giri, Teresa Sánchez Chaparro",Business Strategy & Development,2024,"Abstract Artificial intelligence (AI) is transforming entire industries at an unprecedented pace. Yet, established technology adoption theories offer limited tools for characterizing business AI integration and analyzing its effects. These primarily focus on the factors facilitating or hindering adoption, rather than on adoption patterns and impacts. This paper introduces a novel conceptual framework to address this key gap and applies it to the case of the ESG rating industry. ESG raters play a pivotal role in sustainable finance, providing metrics that guide investment decisions globally. However, little is known about the extent and nature of their AI usage and its implications. Through a mixed‐methods approach combining the analysis of job postings, patent filings, research publications, and corporate websites, we examine AI adoption among major ESG raters. Our investigation explores the specific AI technologies employed, their functional applications, the innovations developed, the intensity of AI integration, and the potential impacts of raters' AI adoption. Our results reveal widespread and growing AI adoption across the industry. Our findings show that raters extensively leverage Natural Language Processing to streamline data collection, processing, and analysis. Furthermore, they have pioneered Machine Learning innovations that significantly expand their sustainability assessment capabilities in various domains. These findings mark a considerable departure from prior academic and gray literature that characterized major ESG raters as having minimal AI use, prompting critical questions regarding the implications of this technological transformation for ESG ratings' reliability, transparency, and potential biases.",281277870,10,131,,
10.1109/cinti63048.2024.10830823,A Prototype System Using Causal Inference and Machine Learning Models to Estimate ESG Ratings for SMEs,Tsung-Nan Chou,International Symposium on Computational Intelligence and Informatics,2024,"Although numerous environmental, social, and governance (ESG) rating agencies exist globally, different organizations may employ distinct evaluation frameworks and methods, potentially leading to inconsistent or misleading ratings for a given company. Moreover, these rating agencies primarily focus on evaluating publicly listed large-cap companies, rendering their assessment approaches unsuitable for small and medium-sized enterprises (SMEs) that lack sufficient resources to support ESG evaluations. This study aims to develop an SME-specific ESG rating system that integrates both indirect and direct approaches. To facilitate responsible and reliable ESG evaluations, the indirect approach employs causal inference technique to identify the most relevant variables affecting ESG ratings in large listed companies. Subsequently, three machine learning-based predictive models are trained using this data, which are then applied to SMEs with a bridging strategy to derive their potential ESG ratings. The direct approach categorizes SMEs by industry and applies customized ESG performance indicators to assess their actual ESG ratings. Finally, the two rating results are integrated using a weighted formula, accompanied by the implementation of Microsoft Power BI's visualized and interactive features, to establish a transparent, explainable, and interpretable SME-specific ESG rating system.",283468785,0,9,,
10.1002/csr.3163,Investor Responses to <scp>ESG</scp> News Sentiment: Exploring Differential Effects and Industry Moderation,"Seung Hyun Jeong, Jaeduk Han, So-Young Jun, Shawn Kim, Jong Woo Kim",Corporate Social Responsibility and Environmental Management,2025,"ABSTRACT Environmental, social, and governance (ESG) principles have gained prominence in the capital markets. While ESG ratings are widely used to assess corporate sustainability, their disagreement and time lag limit their effectiveness for investors. This study proposes ESG news sentiment as an alternative measure of corporate ESG activities and investigates the investor responses to it. Using sustainability reports, we developed lexicons to classify news into ESG and non‐ESG categories and further categorized ESG news into environmental, social, and governance dimensions. Through hierarchical regression analysis, we examine the impact of media‐derived ESG factors on market value and stock returns. Our findings reveal that ESG news sentiment is more positively associated with firm performance compared to non‐ESG news. This is particularly evident for social and governance dimensions, with effects varying across industries depending on their ESG concerns. These results demonstrate the value of ESG news sentiment analysis in understanding market responses to corporate sustainability practices.",285108308,2,69,,
10.1109/icdmw65004.2024.00070,Neurosymbolic AI for Mining Key Aspects of Socially Responsible Investing,"Wihan van der Heever, Ranjan Satapathy, Erik Cambria, Rick Siow Mong Goh",2022 IEEE International Conference on Data Mining Workshops (ICDMW),2024,"Environmental, Social, and Governance (ESG) factors have become critical for assessing corporate sustainability and ethical responsibility. However, the vast volume of unstructured data available across corporate reports, social media, and news sources poses a challenge for systematic ESG analysis. This paper explores the application of neurosymbolic AI, which combines neural networks’ pattern recognition capabilities with the structured reasoning of symbolic AI, to mine key aspects of ESG from large-scale, diverse data sources. By leveraging SenticNet for concept parsing and deep learning for sentiment analysis, we extract relevant ESG metrics, classify corporate practices, and identify trends. This hybrid approach enhances both the interpretability and scalability of ESG analysis, providing more accurate insights into corporate behaviors and their impact on sustainability goals. Results demonstrate that neurosymbolic AI not only improves the extraction of meaningful ESG aspects but also enables real-time monitoring, supporting data-driven decision-making for investors, regulators, and stakeholders.",285304120,1,25,,
10.56127/ijst.v4i1.1961,Neuro- Symbolic Compliance Architectures: Real-Time Detection of Evolving Financial Crimes Using Hybrid AI,"Anil Kumar Pakina, Mangesh Pujari",International Journal Science and Technology,2024,"This paper proposes NeuroSym-AML, a new neuro-symbolic AI framework explicitly designed for the real-time detection of evolving financial crimes with a special focus on cross-border transactions. By combining Graph Neural Networks (GNNs) with interpretable rule-based reasoning, our system dynamically adapts to emerging money laundering patterns while ensuring strict compliance with FATF/OFAC regulations. In contrast to static rule-based systems, NeuroSym-AML shows better performance-an 83.6% detection accuracy to identify financial criminals, which demonstrated a 31% higher uplift compared with conventional systems-produced by utilizing datasets from 14 million SWIFT transactions. Furthermore, it is continuously learning new criminal typologies, providing decision trails that are available to regulatory audit in real-time. Key innovations include: (1) the continuous self-updating of detection heuristics, (2) automatic natural language processing of the latest regulatory updates, and (3) adversarial robustness against evasion techniques. This hybrid architecture bridges the scalability of machine learning with interpretability of symbolic AI, which can address crucial gaps for financial crime prevention, therefore delivering a solution for satisfying both adaptive fraud detection and transparency in decision-making in high-stakes financial environments.",286590184,1,30,,
10.1002/bsd2.70150,"Advancing Firm-Specific ESG Sentiment Analysis: A Machine Learning Approach to Clustering, Prediction, and Financial Performance Implications","Nargis Sultana, Fahad Zeya",Business Strategy & Development,2025,"ABSTRACT As corporate sustainability faces increasing scrutiny from investors and policymakers, measuring firm‐specific ESG sentiment remains a challenge. Traditional ESG indices often aggregate data at the industry or national level, overlooking firm‐level variations. This study introduces a data‐driven framework that integrates clustering analysis, principal component analysis (PCA), and machine learning models to identify distinct ESG sentiment patterns. Using K‐means and Hierarchical Clustering, firms are segmented based on ESG sentiment scores, uncovering significant differences in sustainability disclosures and financial risk. Predictive modeling with Random Forest and XGBoost further demonstrates that firms with higher ESG sentiment experience lower financial risk and greater investor confidence. Statistical validation through ANOVA analysis confirms the robustness of the identified clusters, revealing substantial heterogeneity in ESG reporting. Grounded in legitimacy and signaling theories, this research explains how firms strategically disclose ESG information to enhance credibility and attract capital. By providing a quantitative ESG assessment framework, this study offers valuable insights for investors, policymakers, and corporate leaders seeking to improve investment decisions, regulatory compliance, and sustainability benchmarking. Addressing limitations in traditional ESG ratings, our findings contribute to advancing ESG measurement methodologies and laying the foundation for dynamic firm‐specific ESG sentiment modeling.",288521748,8,52,,
10.1145/3711896.3736926,A Neuro-Symbolic Approach to Symbol Grounding for ALC-Ontologies,"Xuan Wu, Yizheng Zhao",Proceedings of the 31st ACM SIGKDD Conference on Knowledge Discovery and Data Mining V.2,2025,"Neuro-symbolic computing aims to integrate neural learning with symbolic reasoning to address the fundamental challenge of symbol grounding. While neural networks excel at pattern recognition, they struggle to maintain logical consistency. Conversely, symbolic systems provide formal reasoning capabilities but lack mechanisms for handling perceptual uncertainty. This paper introduces EmALC , a novel neuro-symbolic framework that bridges neural perception with symbolic logic through differentiable fuzzy semantics. Our approach addresses a key limitation of existing methods: while previous neuro-symbolic approaches like Logic Tensor Networks employ first-order fuzzy logic, where key reasoning problems are undecidable, EmALC ensures decidable reasoning by leveraging a fuzzy variant of ALC -- a decidable fragment of first-order logic. Unlike previous approaches that often compromise logical soundness for learning capability, EmALC maintains provable semantic consistency through a hierarchical loss function while mitigating reasoning shortcuts via rule-based revision strategies. Experimental evaluation demonstrates EmALC's effectiveness: on ontology revision tasks, it achieves 100% success rate in correcting masked groundings while preserving semantic integrity; on semantic image interpretation tasks, it improves object classification F1-scores by up to 5.56% through ontology-guided knowledge revision.",289488488,0,54,,
10.1145/3746027.3758225,MMESGBench: Pioneering Multimodal Understanding and Complex Reasoning Benchmark for ESG Tasks,"Lei Zhang, Xin Zhou, Chaoyue He, Di Wang, Yi Wu, Hong Xu, Wei Liu, C. Miao",Proceedings of the 33rd ACM International Conference on Multimedia,2025,"Environmental, Social, and Governance (ESG) reports are essential for assessing sustainability, regulatory compliance, and financial transparency. However, these documents are typically long, multimodal, and structurally complex, combining dense text, tables, figures, and layout-sensitive semantics. Existing AI systems often struggle to perform reliable document-level reasoning in such settings, and no dedicated benchmark currently exists in ESG domain. To fill the gap, we introduce MMESGBench, a first-of-its-kind benchmark dataset targeted to evaluate multimodal understanding and reasoning across multi-source ESG documents. This dataset is constructed via a human-AI collaborative, multi-stage pipeline. First, a multimodal LLM generates candidate question-answer (QA) pairs by jointly interpreting textual, tabular, and visual information from layout-aware document pages. Second, an LLM verifies the semantic accuracy, completeness, and reasoning complexity of each QA pair. This automated process is followed by an expert-in-the-loop validation, where domain specialists validate and calibrate QA pairs to ensure quality, relevance, and diversity. MMESGBench comprises 933 validated QA pairs derived from 45 ESG documents, spanning across seven distinct document types and three major ESG source categories. Questions are categorized as single-page, cross-page, or unanswerable, with each accompanied by fine-grained multimodal evidence. Initial experiments validate that multimodal and retrieval-augmented models substantially outperform text-only baselines. MMESGBench is publicly available as an open-source dataset at https://github.com/Zhanglei1103/MMESGBench.",289797793,2,38,,
10.1002/csr.70133,Greenwashing in Brazilian Corporations: A Machine Learning Approach to Unmask the Discourse-Practice Gap,"Isabelly Alves Alvares dos Santos, Ana Claudia Moxotó, Edjard de Souza Mota",Corporate Social Responsibility and Environmental Management,2025,"ABSTRACT This study investigates greenwashing in the Brazilian corporate sector by analysing the gap between companies' sustainability claims and their actual practices. We introduce a novel, AI‐powered methodology based on Decoupling Theory to detect greenwashing. Our approach triangulates three distinct data sources from 2022 to 2023: (i) internal corporate discourse (ESG reports quantified via machine learning); (ii) external market perception (Merco ESG reputation index); and (iii) actual environmental practice (objective greenhouse gas (GHG) emissions data). Our econometric analysis reveals a significant discourse‐practice gap, providing strong evidence of greenwashing. We found a substantial misalignment between companies' AI‐calculated ESG scores and their external reputation rankings, with only a small fraction of firms showing consistency. More strikingly, the analysis uncovered a paradoxical positive correlation between environmental discourse and emissions: a 1% increase in a company's AI‐calculated environmental score is associated with an approximate 5.24% increase in its GHG emissions. This suggests that environmental disclosures may serve as a tool for image management rather than reflecting tangible emission reductions. These findings empirically validate key facets of greenwashing theory within an emerging market context. The results underscore the urgent need for more robust regulation, mandatory standardized reporting, and independent verification to mitigate deceptive environmental claims and foster genuine corporate sustainability.",290024675,1,48,,
10.1108/jfra-11-2024-0845,Corporate responses to sustainability issues: are they rhetorical?,"Eka Ardhani Sisdyani, I Putu Sudana, Putu Agus Ardiana, I Gusti Agung Ayu Apsari Anandari, Kadek Dwi Linda Yanthi, Radheeya Aishvarya Uttari, Komang Puja Astiti, Anak Agung Vidyaswari Kedisan",Journal of financial reporting & accounting,2025,"Purpose This study aims to examine the rhetorical strategies used by the top 50 large-cap companies on the Indonesia Stock Exchange in their voluntary sustainability reports (2006–2023), focusing on their alignment with institutional theory’s concept of decoupling. Design/methodology/approach An index adapted from the frameworks of Benoit (1995), Bolino and Turnley (2003) and Shrives and Brennan (2017) was used in a content analysis to evaluate corporate rhetorical strategies. The thematic analysis further explored the perspectives of sustainability reporting managers through semi-structured interviews. Findings Content analysis of 144 sustainability reports reveals that bolstering is the most prevalent rhetorical strategy, while simple denial is the least used. Thematic analysis of interviews with sustainability reporting managers confirms that these rhetorical responses are primarily symbolic, strategically used to protect and enhance corporate reputation. Research limitations/implications The study is limited to large-cap Indonesian companies and relies on publicly disclosed reports and interviews. Practical implications The findings provide insights for companies to enhance transparency in sustainability communication, assisting stakeholders in critically evaluating corporate sustainability claims to foster trust and accountability. Social implications This study helps stakeholders critically assess corporate sustainability commitments, highlighting the need for stronger oversight and genuine accountability. Originality/value The novelty lies in reclassifying rhetorical strategies from Benoit (1995), Bolino and Turnley (2003) and Shrives and Brennan (2017) into a unified framework, offering fresh insights into symbolic sustainability communication.",290440371,0,57,,
10.1109/incet64471.2025.11140975,Trustworthy and Interpretable AI for Robust Fraud Detection in Financial Transactions,"S N Prajwalasimha, Dilip Kumar Jang Bahadur Saini, Nilesh Shelke, Amit Pimpalkar, G Hemanth Kumar, B. Purushothama",2025 6th International Conference for Emerging Technology (INCET),2025,"Financial fraud poses a critical threat to global economies, necessitating robust and transparent detection mechanisms. Traditional machine learning models achieve high predictive accuracy but often lack interpretability, limiting their adoption in high-stakes financial decision-making. This work introduces a novel Interpretable AI (IAI) framework that enhances fraud detection by integrating Explainable Boosting Machines (EBMs), SHAP (SHapley Additive exPlanations), and causal inference models. Our approach ensures high detection performance while providing clear, human-understandable explanations for each decision, fostering regulatory compliance and trust among financial institutions. Secondly, we use Federated Learning (FL) to facilitate privacy-preserving multi-party collaborative fraud detection among institutions without exchanging sensitive information. Experimental testing on actual transaction datasets illustrates 20–30% better recall of fraud compared to traditional black-box models, with retaining computational efficiency. We also test the performance of our model using adversarial evaluation to ensure robustness against complex fraud patterns. The suggested IAI framework is compatible with new regulatory needs and ethical AI standards, making it an affordable and scalable solution for future-proofed fraud prevention systems.",290647873,0,21,,
10.3390/systems13100899,The AI Annotator: Large Language Models’ Potential in Scoring Sustainability Reports,"Yue Wu, Peng Hu, Derek D. Wang",Systems,2025,"To explore the potential of Large Language Models (LLMs) as AI Annotators in the domain of sustainability reporting, this study establishes a systematic evaluation methodology. We use the specific case of European football clubs, quantifying their sustainability reports based on the sport Positive matrix as a benchmark to compare the performance of three state-of-the-art models (i.e., GPT-4o, Qwen-2-72b-instruct, and Llama-3-70b-instruct) against human expert scores. The evaluation is benchmarked on dimensions including accuracy, mean absolute error (MAE), and hallucination rates. The results indicate that GPT-4o is the top performer, yet its average accuracy of approximately 56% shows it cannot fully replace human experts at present. The study also reveals significant issues with overconfidence and factual hallucinations in models like Qwen-2-72b-instructon. Critically, we find that by implementing further data processing, specifically a Chain-of-Verification (CoVe) self-correction method, GPT-4o’s initial hallucination rate is successfully reduced from 16% to 10%, while accuracy improved to 58%. In conclusion, while LLMs demonstrate immense potential to streamline and democratize sustainability ratings, inherent risks like hallucinations remain a primary obstacle. Adopting verification strategies such as CoVe is a crucial pathway to enhancing model reliability and advancing their effective application in this field.",291824666,3,80,,
10.48550/arxiv.2510.16381,ATA: A Neuro-Symbolic Approach to Implement Autonomous and Trustworthy Agents,"David Peer, Sebastian Stabinger",arXiv (Cornell University),2025,"Large Language Models (LLMs) have demonstrated impressive capabilities, yet their deployment in high-stakes domains is hindered by inherent limitations in trustworthiness, including hallucinations, instability, and a lack of transparency. To address these challenges, we introduce a generic neuro-symbolic approach, which we call Autonomous Trustworthy Agents (ATA). The core of our approach lies in decoupling tasks into two distinct phases: Offline knowledge ingestion and online task processing. During knowledge ingestion, an LLM translates an informal problem specification into a formal, symbolic knowledge base. This formal representation is crucial as it can be verified and refined by human experts, ensuring its correctness and alignment with domain requirements. In the subsequent task processing phase, each incoming input is encoded into the same formal language. A symbolic decision engine then utilizes this encoded input in conjunction with the formal knowledge base to derive a reliable result. Through an extensive evaluation on a complex reasoning task, we demonstrate that a concrete implementation of ATA is competitive with state-of-the-art end-to-end reasoning models in a fully automated setup while maintaining trustworthiness. Crucially, with a human-verified and corrected knowledge base, our approach significantly outperforms even larger models, while exhibiting perfect determinism, enhanced stability against input perturbations, and inherent immunity to prompt injection attacks. By generating decisions grounded in symbolic reasoning, ATA offers a practical and controllable architecture for building the next generation of transparent, auditable, and reliable autonomous agents.",292021691,0,29,,
10.1145/3768292.3770400,Demystifying TCFD Disclosures: An AI-Powered Framework for Enhanced Transparency and Trust,"Tik Yu Yim, Wenting Tan, Yuxuan Zhang, T. Lam, Siuming Yiu",Proceedings of the 6th ACM International Conference on AI in Finance,2025,"Effective assessment of corporate climate disclosures is crucial for the global economic low-carbon transition but currently hampered by inconsistent ratings and the black-box nature of emerging AI solutions. This paper introduces a novel framework that harnesses large language models (LLMs) for transparent assessment construction rather than direct, opaque evaluation. Our methodology employs a Retrieval Augmented Generation (RAG) architecture to automatically extract granular assessment factors from corporate reports. These factors are then operationalized within an interpretable machine learning model, creating an ""open box"" system. Applying this framework to a global dataset of climate reports between 2020-2024, we generate macro-level insights into the evolution of disclosure practices, revealing key performance trajectories and systemic challenges. This work delivers a generalizable methodology for evaluating climate disclosure, providing actionable comparative intelligence for regulators, investors, and reporting companies.",292926579,0,5,,
10.1007/s10489-025-06885-5,Knowledge graph-extended retrieval augmented generation for question answering,"Jasper Linders, Jakub M. Tomczak",Applied intelligence (Boston),2025,"Large Language Models (LLMs) and Knowledge Graphs (KGs) offer a promising approach to robust and explainable Question Answering (QA). While LLMs excel at natural language understanding, they suffer from knowledge gaps and hallucinations. KGs provide structured knowledge but lack natural language interaction. Ideally, an AI system should be both robust to missing facts as well as easy to communicate with. This paper proposes such a system that integrates LLMs and KGs without requiring training, ensuring adaptability across different KGs with minimal human effort. The resulting approach can be classified as a specific form of a Retrieval Augmented Generation (RAG) with a KG, thus, it is dubbed Knowledge Graph-extended Retrieval Augmented Generation (KG-RAG). It includes a question decomposition module to enhance multi-hop information retrieval and answer explainability. Using In-Context Learning (ICL) and Chain-of-Thought (CoT) prompting, it generates explicit reasoning chains processed separately to improve truthfulness. Experiments on the MetaQA benchmark show increased accuracy for multi-hop questions, though with a slight trade-off in single-hop performance compared to LLM with KG baselines. These findings demonstrate KG-RAG’s potential to improve transparency in QA by bridging unstructured language understanding with structured knowledge retrieval.",293044439,3,49,,
10.1002/csr.70350,Corporate Sustainability Transition: Methodological Analysis for a Rating Model,"Riccardo Censi, Paola Campana, Fulvio Schettino, Chiara De Pucchio",Corporate Social Responsibility and Environmental Management,2025,"ABSTRACT This study introduces a new rating model for the evaluation of corporate sustainability, addressing the inconsistencies and divergences that characterize current ESG assessment systems. The model is hierarchically structured, comprising 99 indicators organized into 19 modules, and is designed to be adaptable by sector and firm size. It provides a standardized yet flexible analytical framework that enhances transparency, comparability, and replicability of sustainability assessments. The framework is aligned with key European regulatory initiatives, including the EU Taxonomy and the CSRD Directive, and integrates both quantitative and qualitative dimensions. The indicators were developed through a comparative analysis of leading ESG frameworks (Bloomberg, Refinitiv, Moody's) and European regulatory sources and were refined through a modular structure that groups them into submodules, modules, and pillars. A dual weighting algorithm, sectoral and dimensional, was applied to ensure comparability across industries and firms of different sizes. The methodological process follows progressive steps: data collection at the company level, calculation of ESG metrics, aggregation into indicators, and consolidation into the three ESG pillars. Through conceptual validation and comparison with existing rating models, the framework demonstrates methodological coherence and practical potential. In particular, it addresses the issue of so‐called “aggregate confusion” in ESG ratings by reducing measurement divergence and promoting greater alignment with shared standards. The proposed approach supports the voluntary adoption of sustainable practices and facilitates improved management of environmental and social risks. Its main contribution lies in providing a transparent and adaptable tool that combines standardization with the flexibility required by diverse corporate contexts. The study delivers both theoretical and practical value, offering a structured basis for advancing ESG performance evaluation and harmonization.",294597842,0,52,,
10.3390/su172411348,Using Generative Artificial Intelligence to Evaluate the Quality of Chinese Environmental Information Disclosure in Chemical Firms,"Yun Zhu, Qinghan Chen, Ma Zhong",Sustainability,2025,"Environmental information disclosure plays a critical role in corporate sustainability, yet existing evaluation approaches often rely on subjective judgment or limited textual features. This study proposes a structured framework for assessing the environmental information disclosure quality (EIDQ) of chemical enterprises and develops a generative artificial intelligence (GAI)-driven automated scoring system to enhance evaluation consistency. Using 190 Environmental, Social, and Governance (ESG) reports from 38 Chinese chemical firms between 2020 and 2024, we applied a multi-stage process combining indicator construction, DeepSeek-V3.2–based large language model (LLM) scoring, and cross-model validation. The results show that EIDQ exhibited a steady upward trend over the study period, reflecting a shift toward more quantitative and verifiable disclosure practices. The AI-generated scores demonstrated a high degree of alignment with human expert evaluations, and robustness tests confirmed the method’s transferability across different large language models. These findings provide methodological evidence for the feasibility of AI-assisted EIDQ assessment and offer practical implications for corporate sustainability reporting and regulatory oversight.",294817356,0,62,,
10.3390/su172411128,From News to Knowledge: Leveraging AI and Knowledge Graphs for Real-Time ESG Insights,"Omar Mohmmed Hassan Nassar, Fahimeh Jafari, Chanchal Jain",Sustainability,2025,"Traditional Environmental, Social, and Governance (ESG) assessments rely heavily on corporate disclosures and third-party ratings, which are often delayed, inconsistent, and prone to bias. These limitations leave stakeholders without timely visibility into rapidly evolving ESG events. These assessment frameworks also fail to capture the dynamic nature of ESG issues reflected in public news media. This research addresses these limitations by proposing and implementing an automated framework utilising Artificial Intelligence (AI), specifically Natural Language Processing (NLP) and Knowledge Graphs (KG), to analyse ESG news data for companies listed on major stock indices. The methodology involves several stages: collecting a registry of target companies; retrieving relevant news articles; applying Named Entity Recognition (NER), sentiment analysis, and ESG domain classification; and constructing a linked property knowledge graph to structure the extracted information semantically. The framework culminates in an interactive dashboard for visualising and querying the resulting graph database. The resulting knowledge graph supports comparative inferential analytics across indices and sectors, uncovering divergent ESG sentiment profiles and thematic priorities that traditional reports overlook. The analysis also reveals comparative insights into sentiment trends and ESG focus areas across different exchanges and sectors, offering perspectives often missing from traditional methods. Findings indicate differing ESG sentiment profiles and thematic focuses between the UK (FTSE) and Australian (ASX) indices within the analysed dataset. This study confirms AI/KG’s potential for a modular, dynamic, and semantically rich ESG intelligence approach, transforming unstructured news into interconnected insights. Limitations and areas for future work, including model refinement and integration of financial data, are also discussed. This proposed framework augments traditional ESG evaluations with automated, scalable, and context-rich analysis.",294937804,0,8,,
10.48550/arxiv.2512.11506,EmeraldMind: A Knowledge Graph-Augmented Framework for Greenwashing Detection,"Kaoukis, Georgios, Koufopoulos, Ioannis Aris, Eleni, Psaroudaki, Karidi, Danae Pla, Pitoura, Evaggelia, Papastefanatos, George, Tsaparas, Panayiotis",arXiv (Cornell University),2025,"As AI and web agents become pervasive in decision-making, it is critical to design intelligent systems that not only support sustainability efforts but also guard against misinformation. Greenwashing, i.e., misleading corporate sustainability claims, poses a major challenge to environmental progress. To address this challenge, we introduce EmeraldMind, a fact-centric framework integrating a domain-specific knowledge graph with retrieval-augmented generation to automate greenwashing detection. EmeraldMind builds the EmeraldGraph from diverse corporate ESG (environmental, social, and governance) reports, surfacing verifiable evidence, often missing in generic knowledge bases, and supporting large language models in claim assessment. The framework delivers justification-centric classifications, presenting transparent, evidence-backed verdicts and abstaining responsibly when claims cannot be verified. Experiments on a new greenwashing claims dataset demonstrate that EmeraldMind achieves competitive accuracy, greater coverage, and superior explanation quality compared to generic LLMs, without the need for fine-tuning or retraining.",295289763,0,0,,
