label,bibtex_key,
a_few_shot_semantic_parser_for_wizard_of_oz_dialogues,a_few_shot_semantic_parser_for_wizard_of_oz_dialogues,
a_systematic_survey_of_automatic_prompt_optimization_techniques,a_systematic_survey_of_automatic_prompt,
a_systematic_survey_of_automatic_prompt_optimization_techniques,a_systematic_survey_of_automatic_prompt_optimization_techniques,
a_theory_of_response_sampling_in_llms_part_descriptive_and_prescriptive,a_theory_of_response_sampling_in,
a_theory_of_response_sampling_in_llms_part_descriptive_and_prescriptive,a_theory_of_response_sampling_in_llms_part_descriptive_and_prescriptive,
analysing_chain_of_thought_dynamics_active_guidance_or_unfaithful_post_hoc_rationalisation,analysing_chain_of_thought_dynamics_active,
analysing_chain_of_thought_dynamics_active_guidance_or_unfaithful_post_hoc_rationalisation,analysing_chain_of_thought_dynamics_active_guidance_or_unfaithful_post_hoc_rationalisation,
benchmarking_llms_esg_sustainability_knowledge,benchmarking_llms_esg_sustainability_knowledge,
benchmarking_llms_esg_sustainability_knowledge,benchmarking_llms_on_esg_and_sustainability,
bi_syn_gat_bi_syntax_aware_graph_attention_network_for_aspect_based_sentiment_analysis,bi_syn_gat_bi_syntax_aware_graph_attention_network_for_aspect_based_sentiment_analysis,
bi_syn_gat_bi_syntax_aware_graph_attention_network_for_aspect_based_sentiment_analysis,bi_syntax_aware_graph_attention_network,
codi_compressing_chain_of_thought_into_continuous_space_via_self_distillation,codi_compressing_chain_of_thought_into_continuous_space_via_self_distillation,
comprehensive_and_efficient_distillation_for_lightweight_sentiment_analysis_models,comprehensive_and_efficient_distillation_for,
comprehensive_and_efficient_distillation_for_lightweight_sentiment_analysis_models,comprehensive_and_efficient_distillation_for_lightweight_sentiment_analysis_models,
cot_icl_lab_a_synthetic_framework,cot_icl_lab_a_synthetic_framework,
diagnosing_memorization_in_chain_of_thought_reasoning_one_token_at_a_time,diagnosing_memorization_in_chain_of_thought_reasoning_one_token_at_a_time,
dice_structured_reasoning_in_llms_through_slm_guided_chain_of_thought_correction,dice_structured_reasoning_in_llms,
dice_structured_reasoning_in_llms_through_slm_guided_chain_of_thought_correction,dice_structured_reasoning_in_llms_through_slm_guided_chain_of_thought_correction,
direct_value_optimization_improving_chain_of_thought_reasoning_in_llms_with_refined_values,direct_value_optimization_improving_chain_of_thought_reasoning_in_llms_with_refined_values,
ds2_absa_dual_stream_data_synthesis,ds2_absa_dual_stream_data_synthesis,
dual_path_counterfactual_integration_multimodal,dual_path_counterfactual_integration_multimodal,
dual_stream_data_synthesis_label,dual_stream_data_synthesis_label,
dual_stream_data_synthesis_label,dual_stream_data_synthesis_with_label,
entity_disambiguation_enhancement_complex_claim,entity_disambiguation_enhancement_complex_claim,
error_comparison_optimization_for_large_language_models_on_aspect_based_sentiment_analysis,error_comparison_optimization_for_large_language_models_on_aspect_based,
error_comparison_optimization_for_large_language_models_on_aspect_based_sentiment_analysis,error_comparison_optimization_for_large_language_models_on_aspect_based_sentiment_analysis,
esgenius_benchmarking_llms_on_environmental_social_and_governance_and_sustainability_knowledge,es_genius_benchmarking_llms_on_environmental_social_and_governance_sustainability_knowledge,
esgenius_benchmarking_llms_on_environmental_social_and_governance_and_sustainability_knowledge,esgenius_benchmarking_llms_on_environmental_social_and_governance,
esgenius_benchmarking_llms_on_environmental_social_and_governance_and_sustainability_knowledge,esgenius_benchmarking_llms_on_environmental_social_and_governance_and_sustainability_knowledge,
event_centric_opinion_mining,event_centric_opinion_mining,
facilitating_long_context_understanding_via_supervised_chain_of_thought_reasoning,facilitating_long_context_understanding_via_supervised_chain_of_thought,
facilitating_long_context_understanding_via_supervised_chain_of_thought_reasoning,facilitating_long_context_understanding_via_supervised_chain_of_thought_reasoning,
fin_mteb_finance_massive_text_embedding_benchmark,fin_mteb_finance_massive_text_embedding_benchmark,
fin_mteb_finance_massive_text_embedding_benchmark,finance_massive_text_embedding_benchmark,
fine_tuning_on_diverse_reasoning_chains_drives_within_inference_cot_refinement_in_llms,fine_tuning_on_diverse_reasoning_chains_drives_within_inference_cot_refinement_in_llms,
fin_mteb_finance_massive_text_embedding_benchmark,finmteb_finance_massive_text_embedding_benchmark,
from_long_to_lean_performance_aware_and_adaptive_chain_of_thought_compression_via_multi_round_refinement,from_long_to_lean_performance_aware,
from_long_to_lean_performance_aware_and_adaptive_chain_of_thought_compression_via_multi_round_refinement,from_long_to_lean_performance_aware_and_adaptive_chain_of_thought_compression_via_multi_round_refinement,
generating_sentiment_tuples_paths_tree,generating_sentiment_tuples_paths_tree,
graph_guided_textual_explanation_generation_framework,graph_guided_textual_explanation_generation,
graph_guided_textual_explanation_generation_framework,graph_guided_textual_explanation_generation_framework,
hierarchical_sequence_labeling_model_for_aspect_sentiment_triplet_extraction,hierarchical_sequence_labeling_model_aspect,-
hierarchical_sequence_labeling_model_for_aspect_sentiment_triplet_extraction,hierarchical_sequence_labeling_model_for_aspect_sentiment_triplet,
hierarchical_sequence_labeling_model_for_aspect_sentiment_triplet_extraction,hierarchical_sequence_labeling_model_for_aspect_sentiment_triplet_extraction,
impact_of_fine_tuning_on_chain_of_thought,impact_of_fine_tuning_on_chain_of_thought,
improving_chain_of_thought_reasoning_via_quasi_symbolic_abstractions,improving_chain_of_thought_reasoning_via_quasi_symbolic_abstractions,
improving_neural_political_statement_classification_with_class_hierarchical_information,improving_neural_political_statement_classification,
improving_neural_political_statement_classification_with_class_hierarchical_information,improving_neural_political_statement_classification_with_class_hierarchical_information,
incorporating_dynamic_semantics_into_pre_trained_language_model_for_aspect_based_sentiment_analysis,incorporating_dynamic_semantics_into_pre_trained_language_model,
incorporating_dynamic_semantics_into_pre_trained_language_model_for_aspect_based_sentiment_analysis,incorporating_dynamic_semantics_into_pre_trained_language_model_for_aspect_based_sentiment_analysis,
incorporating_dynamic_semantics_into_pre_trained_language_model_for_aspect_based_sentiment_analysis,incorporating_dynamic_semantics_pre_trained,
inter_sentence_context_modeling_structure,inter_sentence_context_modeling_structure,
internal_chain_of_thought_empirical_evidence_for_layer_wise_subtask,internal_chain_of_thought_empirical_evidence_for_layer_wise_subtask,
know_your_mistakes_towards_preventing_overreliance_on_task_oriented,know_your_mistakes_towards_preventing_overreliance_on_task_oriented,
long_chain_of_thought_fine_tuning_via_understanding_to_reasoning_transition,long_chain_of_thought_fine_tuning_via_understanding_to_reasoning_transition,
markov_chain_of_thought_for_efficient_mathematical_reasoning,markov_chain_of_thought_for_efficient,
markov_chain_of_thought_for_efficient_mathematical_reasoning,markov_chain_of_thought_for_efficient_mathematical_reasoning,
measuring_chain_of_thought_faithfulness_by_unlearning_reasoning_steps,measuring_chain_of_thought_faithfulness_by,
measuring_chain_of_thought_faithfulness_by_unlearning_reasoning_steps,measuring_chain_of_thought_faithfulness_by_unlearning_reasoning_steps,
multilingual_dataset_aspect_based_sentiment,multilingual_dataset_aspect_based_sentiment,
nova_63_native_omni_lingual_versatile_assessments_of_63_disciplines,nova_63_native_omni_lingual_versatile_assessments_of_63_disciplines,
on_the_impact_of_fine_tuning_on_chain_of_thought_reasoning,on_the_impact_of_fine_tuning_on_chain_of_thought_reasoning,
parallel_continuous_chain_of_thought_with_jacobi_iteration,parallel_continuous_chain_of_thought_with_jacobi_iteration,
rd_mcsa_a_multi_class_sentiment_analysis_approach_integrating,rd_mcsa_a_multi_class_sentiment_analysis_approach_integrating,
reward_model_perspectives_whose_opinions_do_reward_models_reward,reward_model_perspectives_whose_opinions,
reward_model_perspectives_whose_opinions_do_reward_models_reward,reward_model_perspectives_whose_opinions_do_reward_models_reward,
s1_simple_test_time_scaling,s1_simple_test_time_scaling,
self_harmonized_chain_of_thought,self_harmonized_chain_of_thought,
semantic_contamination_of_llm_driven_fake,semantic_contamination_of_llm_driven_fake,
semi_structured_multi_aspect_framework,semi_structured_multi_aspect_framework,
seq2path_generating_sentiment_tuples_as_paths_of_a_tree,seq2path_generating_sentiment_tuples_as_paths_of_a_tree,
single_ground_truth_is_not_enough_adding_flexibility_to_aspect_based_sentiment_analysis,single_ground_truth_is_not_enough,
single_ground_truth_is_not_enough_adding_flexibility_to_aspect_based_sentiment_analysis,single_ground_truth_is_not_enough_adding_flexibility_to_aspect,
single_ground_truth_is_not_enough_adding_flexibility_to_aspect_based_sentiment_analysis,single_ground_truth_is_not_enough_adding_flexibility_to_aspect_based_sentiment,
single_ground_truth_is_not_enough_adding_flexibility_to_aspect_based_sentiment_analysis,single_ground_truth_is_not_enough_adding_flexibility_to_aspect_based_sentiment_analysis,
single_ground_truth_is_not_enough_adding_flexibility_to_aspect_based_sentiment_analysis,single_ground_truth_not_enough,
ssa_semantic_contamination_of_llm_driven_fake_news_detection,ssa_semantic_contamination_of_llm_driven,
ssa_semantic_contamination_of_llm_driven_fake_news_detection,ssa_semantic_contamination_of_llm_driven_fake,
ssa_semantic_contamination_of_llm_driven_fake_news_detection,ssa_semantic_contamination_of_llm_driven_fake_news_detection,
systematic_survey_of_automatic_prompt_optimization,systematic_survey_of_automatic_prompt_optimization,
test_time_code_switching_cross_lingual,test_time_code_switching_cross_lingual,
theorem_validated_reverse_chain_of_thought_problem_generation,theorem_validated_reverse_chain_of_thought_problem_generation,
tokenskip_controllable_chain_of_thought_compression_in_llms,token_skip_controllable_chain_of_thought,
tokenskip_controllable_chain_of_thought_compression_in_llms,token_skip_controllable_chain_of_thought_compression,
tokenskip_controllable_chain_of_thought_compression_in_llms,tokenskip_controllable_chain_of_thought_compression_in_llms,
towards_ai_assisted_psychotherapy_emotion_guided_generative_interventions,towards_ai_assisted_psychotherapy_emotion_guided_generative_interventions,
towards_unifying_the_label_space_for_aspect_and_sentence_based_sentiment_analysis,towards_unifying_the_label_space_for_aspect_and_sentence_based,
towards_unifying_the_label_space_for_aspect_and_sentence_based_sentiment_analysis,towards_unifying_the_label_space_for_aspect_and_sentence_based_sentiment_analysis,
tracsum_a_new_benchmark_for_aspect_based_summarization_with_sentence_level_traceability_in_medical_domain,tracsum_a_new_benchmark_for_aspect_based_summarization_with_sentence_level_traceability_in_medical_domain,
tracsum_a_new_benchmark_for_aspect_based_summarization_with_sentence_level_traceability_in_medical_domain,tracsum_new_benchmark_traceable,
two_heads_are_better_than_one_dual_model_verbal_reflection_at_inference_time,two_heads_are_better_than_one_dual_model_verbal_reflection_at_inference_time,
unifying_label_space_aspect_sentence,unifying_label_space_aspect_sentence,
verify_in_the_graph_entity_disambiguation_enhancement_for_complex_claim_verification_with_interactive_graph_representation,verify_in_the_graph_entity_disambiguation,
verify_in_the_graph_entity_disambiguation_enhancement_for_complex_claim_verification_with_interactive_graph_representation,verify_in_the_graph_entity_disambiguation_enhancement_for_complex,
verify_in_the_graph_entity_disambiguation_enhancement_for_complex_claim_verification_with_interactive_graph_representation,verify_in_the_graph_entity_disambiguation_enhancement_for_complex_claim_verification_with_interactive_graph_representation,
what_makes_a_good_reasoning_chain_uncovering_structural_patterns_in_long_chain_of_thought_reasoning,what_makes_a_good_reasoning_chain_uncovering_structural_patterns,
what_makes_a_good_reasoning_chain_uncovering_structural_patterns_in_long_chain_of_thought_reasoning,what_makes_a_good_reasoning_chain_uncovering_structural_patterns_in_long_chain_of_thought_reasoning,